title,size_mib,year,folder_path,reason,file_count,video_count
Kate & Leopold,0.00,2001,/Volumes/Extreme SSD/Movies/Kate & Leopold (2001) [1080p] [YTS.AG],no_videos,4,0
Welcome to New York,0.00,2014,/Volumes/Extreme SSD/Movies/Welcome to New York (2014) [1080p],no_videos,4,0
Death of A Superhero,0.00,2011,/Volumes/Extreme SSD/Movies/Death of A Superhero (2011) [1080p],no_videos,4,0
Limitless,0.00,2017,/Volumes/Extreme SSD/Movies/Limitless (2017) [1080p] [WEBRip] [YTS.MX],no_videos,2,0
The Road To Guantanamo,0.00,2006,/Volumes/Extreme SSD/Movies/The Road To Guantanamo (2006) [1080p] [WEBRip] [YTS.MX],no_videos,8,0
The Other End Of The Line,0.00,2008,/Volumes/Extreme SSD/Movies/The Other End Of The Line (2008) [1080p] [BluRay] [5.1] [YTS.LT],no_videos,6,0
A Severed Head,0.00,1971,/Volumes/Extreme SSD/Movies/A Severed Head (1971) [BluRay] [1080p] [YTS.AM],no_videos,2,0
The Man From Nowhere,0.00,2021,/Volumes/Extreme SSD/Movies/The Man From Nowhere (2021) [1080p] [WEBRip] [YTS.MX],no_videos,4,0
The Pact,0.00,2021,/Volumes/Extreme SSD/Movies/The Pact (2021) [1080p] [BluRay] [5.1] [YTS.MX],no_videos,6,0
The Safe,0.00,2023,/Volumes/Extreme SSD/Movies/The Safe (2023) [1080p] [WEBRip] [YTS.MX],no_videos,8,0
Great Expectations,0.00,1974,/Volumes/Extreme SSD/Movies/Great Expectations (1974) [1080p] [BluRay] [YTS.MX],no_videos,8,0
The Water Diviner,0.00,2014,/Volumes/Extreme SSD/Movies/The Water Diviner (2014) [2160p] [4K] [WEB] [5.1] [YTS.MX],no_videos,4,0
Den Sista Vargen,0.00,2015,/Volumes/Extreme SSD/Movies/Den Sista Vargen (2015) [1080p] [BluRay] [5.1] [YTS.MX],no_videos,4,0
The Snowtown Murders,0.00,2011,/Volumes/Extreme SSD/Movies/The Snowtown Murders (2011) [1080p] [BluRay] [5.1] [YTS.MX],no_videos,6,0
Anastasia,0.00,2019,/Volumes/Extreme SSD/Movies/Anastasia (2019) [1080p] [WEBRip] [5.1] [YTS.MX],no_videos,6,0
Great Expectations,0.00,2012,/Volumes/Extreme SSD/Movies/Great Expectations (2012) [1080p] [BluRay] [5.1] [YTS.MX],no_videos,4,0
Bride Prejudice,0.00,2004,/Volumes/Extreme SSD/Movies/Bride Prejudice (2004) [1080p] [WEBRip] [5.1] [YTS.MX],no_videos,4,0
